{"position": {"y": 0.02331556105478137, "x": 0.13514162153523485, "z": 0.138}, "orientation": {"y": 0.0, "x": 0.0, "z": 0.005433678324460888, "w": 0.9999852374609669}}
