{"position": {"y": -0.055712419601086, "x": 0.13179944115642098, "z": 0.138}, "orientation": {"y": 0.0, "x": 0.0, "z": 0.03540094106725609, "w": 0.999373190240539}}
