{"position": {"y": -0.14324765709138662, "x": -0.1298518923567385, "z": 0.138}, "orientation": {"y": 0.0, "x": 0.0, "z": 0.06148593460654208, "w": 0.9981079499961715}}
