{"position": {"y": 0.028553380517462507, "x": 0.14913099433355578, "z": 0.138}, "orientation": {"y": 0.0, "x": 0.0, "z": -0.1289555641948918, "w": 0.9916503730968779}}
