{"position": {"y": -0.015736673500605397, "x": 0.10886287571253789, "z": 0.138}, "orientation": {"y": 0.0, "x": 0.0, "z": -0.005652582151681548, "w": 0.9999840240298934}}
