{"position": {"y": 0.01684983974311673, "x": 0.14897439350773745, "z": 0.138}, "orientation": {"y": 0.0, "x": 0.0, "z": -0.05945265522410869, "w": 0.9982311264365599}}
