{"position": {"y": 0.06602236557126295, "x": 0.2094890728810193, "z": 0.13799999999999998}, "orientation": {"y": 0.0, "x": 0.0, "z": 0.004993463441418298, "w": 0.9999875325837113}}
