{"position": {"y": -0.05461215044692122, "x": 0.10869445642532133, "z": 0.13800000000000004}, "orientation": {"y": 0.0, "x": 0.0, "z": -0.02295404935848717, "w": 0.9997365210984583}}
