{"position": {"y": 0.04385870962774001, "x": 0.15557579298888213, "z": 0.138}, "orientation": {"y": 0.0, "x": 0.0, "z": 0.005443287634538506, "w": 0.9999851852001247}}
