{"position": {"y": -0.04808496287793889, "x": 0.15780888828355474, "z": 0.138}, "orientation": {"y": 0.0, "x": 0.0, "z": 0.10113526083546515, "w": 0.9948726848274317}}
