{"position": {"y": 0.03404774660179627, "x": 0.1537178956731285, "z": 0.13800000000000004}, "orientation": {"y": 0.0, "x": 0.0, "z": -0.13506796338067648, "w": 0.9908363362675978}}
